<?xml version="1.0" encoding="utf-8" standalone="yes"?>
<rss version="2.0" xmlns:atom="http://www.w3.org/2005/Atom">
  <channel>
    <title>Tags on Max King: Office Lady</title>
    <link>https://examplesite.com/tags/</link>
    <description>Recent content in Tags on Max King: Office Lady</description>
    <generator>Hugo -- gohugo.io</generator>
    <language>en-us</language>
    <copyright>Copyright &amp;copy; 2020 a hugo theme by [somrat](https://somrat.netlify.com)</copyright>
    
	<atom:link href="https://examplesite.com/tags/index.xml" rel="self" type="application/rss+xml" />
    
    
  </channel>
</rss>